review_id,candidate_type,source,company,job_id,canonical_opportunity_id,external_id,source_hash,title,url,location,department,expertise,current_language,current_language_locale,current_required_languages,candidate_required_languages,candidate_language_locale,candidate_location_restriction,candidate_pattern,candidate_confidence,evidence_text,risk_notes,suggested_review_action,review_decision,human_required_languages,human_language_locale,human_location_restriction,human_notes,apply_eligible
omgr_oneforma_language-locale_language-dash-locale_6522,language_locale,oneforma,OneForma,6522,521,oneforma::177962::french-france,155a844f12fc65c8a24fb9b30dc1ba95f5019b3d4e3befb272b9c3293ba89e87,Andromeda - French - France,https://my.oneforma.com/webapp/dataCollection/signup?requestId=1802653759969281,Worldwide,Data Collection,Data Collection,,,,French,French France,,language_dash_locale,high,title=Andromeda - French - France; location=Worldwide; pattern=language_dash_locale,Locale is title-derived; verify it is language locale rather than applicant country.,Confirm language locale or keep diagnostic only.,pending_review,,,,,yes
omgr_oneforma_language-locale_language-dash-locale_6526,language_locale,oneforma,OneForma,6526,521,oneforma::177962::spanish-spain,280658b70aa54591b762b49c38879a29d5826f31727edcbca49fd1707df315d0,Andromeda - Spanish - Spain,https://my.oneforma.com/webapp/dataCollection/signup?requestId=1802653992628225,Worldwide,Data Collection,Data Collection,,,,Spanish,Spanish Spain,,language_dash_locale,high,title=Andromeda - Spanish - Spain; location=Worldwide; pattern=language_dash_locale,Locale is title-derived; verify it is language locale rather than applicant country.,Confirm language locale or keep diagnostic only.,pending_review,,,,,yes
omgr_oneforma_language-locale_language-dash-locale_6598,language_locale,oneforma,OneForma,6598,531,oneforma::177728::10528,ba8322d04bd3d85961f77e1c813497c750bff8a1bdc4d2e56ca88863cca1d8b5,Ava Audio Collection - English - Canada,https://my.oneforma.com/crowd/jobs/10528?from=list&tab=all,Worldwide,Data Collection,Data Collection,,,,English,English Canada,,language_dash_locale,high,title=Ava Audio Collection - English - Canada; location=Worldwide; pattern=language_dash_locale,Locale is title-derived; verify it is language locale rather than applicant country.,Confirm language locale or keep diagnostic only.,pending_review,,,,,yes
omgr_oneforma_language-locale_language-dash-locale_6601,language_locale,oneforma,OneForma,6601,531,oneforma::177728::10525,2ee3c30a25ef7538b43fbfdd33ec64b38872c5d6b69ce218813357b2c6ccf439,Ava Audio Collection - English - United States,https://my.oneforma.com/crowd/jobs/10525?from=list&tab=all,Worldwide,Data Collection,Data Collection,,,,English,English United States,,language_dash_locale,high,title=Ava Audio Collection - English - United States; location=Worldwide; pattern=language_dash_locale,Locale is title-derived; verify it is language locale rather than applicant country.,Confirm language locale or keep diagnostic only.,pending_review,,,,,yes
omgr_oneforma_language-locale_language-dash-locale_6602,language_locale,oneforma,OneForma,6602,531,oneforma::177728::10516,226d626573de2b7d5e121370b27532ed9e91c02a365fd0dea46d5c58b583e86e,Ava Audio Collection - French - Canada,https://my.oneforma.com/crowd/jobs/10516?from=list&tab=all,Worldwide,Data Collection,Data Collection,,,,French,French Canada,,language_dash_locale,high,title=Ava Audio Collection - French - Canada; location=Worldwide; pattern=language_dash_locale,Locale is title-derived; verify it is language locale rather than applicant country.,Confirm language locale or keep diagnostic only.,pending_review,,,,,yes
omgr_oneforma_language-locale_language-dash-locale_6603,language_locale,oneforma,OneForma,6603,531,oneforma::177728::10515,528573b8ac2b39417f5b5860e7b92077b44dc6022ae738f930120eb0e3cf1d55,Ava Audio Collection - French - France,https://my.oneforma.com/crowd/jobs/10515?from=list&tab=all,Worldwide,Data Collection,Data Collection,,,,French,French France,,language_dash_locale,high,title=Ava Audio Collection - French - France; location=Worldwide; pattern=language_dash_locale,Locale is title-derived; verify it is language locale rather than applicant country.,Confirm language locale or keep diagnostic only.,pending_review,,,,,yes
omgr_oneforma_language-locale_language-parenthetical-locale_6851,language_locale,oneforma,OneForma,6851,542,oneforma::176234::11891,dba597b383ee5a151a6d4f2b1e56e1b5003b40be1cf862df0877bc40f58c041f,Acceptability and Preference: Translation Raters - English (United States) - Bulgarian (Bulgaria),https://my.oneforma.com/crowd/jobs/11891?from=list&tab=all,Worldwide,Translation,Translation,,,,English,English United States,,language_parenthetical_locale,high,title=Acceptability and Preference: Translation Raters - English (United States) - Bulgarian (Bulgaria); location=Worldwide; pattern=language_parenthetical_locale,Locale is title-derived; verify it is language locale rather than applicant country.,Confirm language locale or keep diagnostic only.,pending_review,,,,,yes
omgr_oneforma_language-locale_language-parenthetical-locale_6852,language_locale,oneforma,OneForma,6852,542,oneforma::176234::11865,e934ce6eeb2a050d5d8adac5eca4aa5b727d12e4e77f744051da6279b5672165,Acceptability and Preference: Translation Raters - English (United States) - Catalan (Spain),https://my.oneforma.com/crowd/jobs/11865?from=list&tab=all,Worldwide,Translation,Translation,,,,English,English United States,,language_parenthetical_locale,high,title=Acceptability and Preference: Translation Raters - English (United States) - Catalan (Spain); location=Worldwide; pattern=language_parenthetical_locale,Locale is title-derived; verify it is language locale rather than applicant country.,Confirm language locale or keep diagnostic only.,pending_review,,,,,yes
omgr_oneforma_language-locale_language-parenthetical-locale_6855,language_locale,oneforma,OneForma,6855,542,oneforma::176234::11867,965d1efd17b545cf930dbcd58916f342b4f8ec4cca9e70e477e5ba0b51851412,Acceptability and Preference: Translation Raters - English (United States) - Croatian (Croatia),https://my.oneforma.com/crowd/jobs/11867?from=list&tab=all,Worldwide,Translation,Translation,,,,English,English United States,,language_parenthetical_locale,high,title=Acceptability and Preference: Translation Raters - English (United States) - Croatian (Croatia); location=Worldwide; pattern=language_parenthetical_locale,Locale is title-derived; verify it is language locale rather than applicant country.,Confirm language locale or keep diagnostic only.,pending_review,,,,,yes
omgr_oneforma_language-locale_language-parenthetical-locale_6858,language_locale,oneforma,OneForma,6858,542,oneforma::176234::11890,59af248a650e9b15488a5ca8b5c94c686da9b60d0b905d204578b29beb8e52b6,Acceptability and Preference: Translation Raters - English (United States) - Dutch (Belgium),https://my.oneforma.com/crowd/jobs/11890?from=list&tab=all,Worldwide,Translation,Translation,,,,English,English United States,,language_parenthetical_locale,high,title=Acceptability and Preference: Translation Raters - English (United States) - Dutch (Belgium); location=Worldwide; pattern=language_parenthetical_locale,Locale is title-derived; verify it is language locale rather than applicant country.,Confirm language locale or keep diagnostic only.,pending_review,,,,,yes
omgr_oneforma_language-locale_language-parenthetical-locale_6854,language_locale,oneforma,OneForma,6854,542,oneforma::176234::11868,3eb89adeaf1bf7ed1c7370a539c88d4e3388357fe081b2890421198f1c3bed78,Acceptability and Preference: Translation Raters - English (United States) - Estonian (Estonia),https://my.oneforma.com/crowd/jobs/11868?from=list&tab=all,Worldwide,Translation,Translation,,,,English,English United States,,language_parenthetical_locale,high,title=Acceptability and Preference: Translation Raters - English (United States) - Estonian (Estonia); location=Worldwide; pattern=language_parenthetical_locale,Locale is title-derived; verify it is language locale rather than applicant country.,Confirm language locale or keep diagnostic only.,pending_review,,,,,yes
omgr_oneforma_language-locale_language-parenthetical-locale_6869,language_locale,oneforma,OneForma,6869,542,oneforma::176234::english-united-states-farsi-persian,7bb3f572af62d41682cefee66844c6292acd16beec0f7ae8f82bb0b2dbfc2d9a,Acceptability and Preference: Translation Raters - English (United States) - Farsi (Persian),https://my.oneforma.com/crowd/jobs/11912?from=list&tab=all,Worldwide,Translation,Translation,,,,English,English United States,,language_parenthetical_locale,high,title=Acceptability and Preference: Translation Raters - English (United States) - Farsi (Persian); location=Worldwide; pattern=language_parenthetical_locale,Locale is title-derived; verify it is language locale rather than applicant country.,Confirm language locale or keep diagnostic only.,pending_review,,,,,yes
omgr_oneforma_language-requirement_translation-or-translator_6839,language_requirement,oneforma,OneForma,6839,542,oneforma::176234::11906,3db9257bd8825e74c3cb79d825c399a7571ee92595384a644b787207e0ca9001,Acceptability and Preference: Translation Raters - Arabic (Saudi Arabia) - Bengali (India),https://my.oneforma.com/crowd/jobs/11906?from=list&tab=all,Worldwide,Translation,Translation,,,,arabic,,,translation_or_translator,medium,title=Acceptability and Preference: Translation Raters - Arabic (Saudi Arabia) - Bengali (India); location=Worldwide; pattern=translation_or_translator; value=arabic,Translation or multi-language title; verify whether all listed languages are required.,Confirm required language(s) or mark diagnostic only.,pending_review,,,,,yes
omgr_oneforma_language-requirement_translation-or-translator_6840,language_requirement,oneforma,OneForma,6840,542,oneforma::176234::11907,28e64bf3535aa93b8f82f0dcd56a0e583776d684f3c22c9affb0c23770e58d23,Acceptability and Preference: Translation Raters - Arabic (Saudi Arabia) - Gujarati (India),https://my.oneforma.com/crowd/jobs/11907?from=list&tab=all,Worldwide,Translation,Translation,,,,arabic,,,translation_or_translator,medium,title=Acceptability and Preference: Translation Raters - Arabic (Saudi Arabia) - Gujarati (India); location=Worldwide; pattern=translation_or_translator; value=arabic,Translation or multi-language title; verify whether all listed languages are required.,Confirm required language(s) or mark diagnostic only.,pending_review,,,,,yes
omgr_oneforma_language-requirement_translation-or-translator_6841,language_requirement,oneforma,OneForma,6841,542,oneforma::176234::11908,fc3ed72bbdbee6821102f71079f7af8fab9b3903e9cba79fd8afa3e533222f68,Acceptability and Preference: Translation Raters - Arabic (Saudi Arabia) - Hindi (India),https://my.oneforma.com/crowd/jobs/11908?from=list&tab=all,Worldwide,Translation,Translation,,,,"arabic, hindi",,,translation_or_translator,medium,"title=Acceptability and Preference: Translation Raters - Arabic (Saudi Arabia) - Hindi (India); location=Worldwide; pattern=translation_or_translator; value=arabic, hindi",Translation or multi-language title; verify whether all listed languages are required.,Confirm required language(s) or mark diagnostic only.,pending_review,,,,,yes
omgr_oneforma_language-requirement_translation-or-translator_6842,language_requirement,oneforma,OneForma,6842,542,oneforma::176234::11909,38a8ae90b333adcd3c41781541dda302e5cd2b72182314eec3c72abb3e636415,Acceptability and Preference: Translation Raters - Arabic (Saudi Arabia) - Kannada (India),https://my.oneforma.com/crowd/jobs/11909?from=list&tab=all,Worldwide,Translation,Translation,,,,arabic,,,translation_or_translator,medium,title=Acceptability and Preference: Translation Raters - Arabic (Saudi Arabia) - Kannada (India); location=Worldwide; pattern=translation_or_translator; value=arabic,Translation or multi-language title; verify whether all listed languages are required.,Confirm required language(s) or mark diagnostic only.,pending_review,,,,,yes
omgr_oneforma_language-requirement_translation-or-translator_6843,language_requirement,oneforma,OneForma,6843,542,oneforma::176234::arabic-saudi-arabia-malayalam-india,afbc48b80c1a49503b9646f29c99234958491985cf42d218cde54da41fc3b0c6,Acceptability and Preference: Translation Raters - Arabic (Saudi Arabia) - Malayalam (India),https://my.oneforma.com/crowd/jobs/11911?from=list&tab=all,Worldwide,Translation,Translation,,,,arabic,,,translation_or_translator,medium,title=Acceptability and Preference: Translation Raters - Arabic (Saudi Arabia) - Malayalam (India); location=Worldwide; pattern=translation_or_translator; value=arabic,Translation or multi-language title; verify whether all listed languages are required.,Confirm required language(s) or mark diagnostic only.,pending_review,,,,,yes
omgr_oneforma_language-requirement_translation-or-translator_6844,language_requirement,oneforma,OneForma,6844,542,oneforma::176234::arabic-saudi-arabia-marathi-india,db4aef8cc6dac9da8f1201cdc73f8ac314dd88593d6363a4c7f0747530a0c165,Acceptability and Preference: Translation Raters - Arabic (Saudi Arabia) - Marathi (India),https://my.oneforma.com/crowd/jobs/11912?from=list&tab=all,Worldwide,Translation,Translation,,,,arabic,,,translation_or_translator,medium,title=Acceptability and Preference: Translation Raters - Arabic (Saudi Arabia) - Marathi (India); location=Worldwide; pattern=translation_or_translator; value=arabic,Translation or multi-language title; verify whether all listed languages are required.,Confirm required language(s) or mark diagnostic only.,pending_review,,,,,yes
omgr_mercor_language-locale_language-dash-locale_9232,language_locale,mercor,Mercor,9232,,list_AAABnt9zSa62S6Ta1sFAVbcl,0a4338ba3e1d0663d4c36d76aff35dce5f94599338ec88e116bdfdd5fc3b7f11,Internet-Native Bilingual Evaluator Expert (Spanish – Latin America),https://work.mercor.com/jobs/list_AAABnt9zSa62S6Ta1sFAVbcl,Remote,"Life, Physical, and Social Science","Life, Physical, and Social Science",,,,Spanish,Spanish Latin America,,language_dash_locale,high,title=Internet-Native Bilingual Evaluator Expert (Spanish – Latin America); location=Remote; pattern=language_dash_locale,Locale is title-derived; verify it is language locale rather than applicant country.,Confirm language locale or keep diagnostic only.,pending_review,,,,,yes
omgr_mercor_language-locale_language-dash-locale_9231,language_locale,mercor,Mercor,9231,,list_AAABnt-IdFdW6Khkn2BM-oId,15d5fef2b2b2e3ad27d1240a9d1e2a26b658dd97d059c5a7cc0f720502285b24,Internet-Native Bilingual Evaluator Expert (Spanish – Spain),https://work.mercor.com/jobs/list_AAABnt-IdFdW6Khkn2BM-oId,Remote,Language and Audio,Language and Audio,,,,Spanish,Spanish Spain,,language_dash_locale,high,title=Internet-Native Bilingual Evaluator Expert (Spanish – Spain); location=Remote; pattern=language_dash_locale,Locale is title-derived; verify it is language locale rather than applicant country.,Confirm language locale or keep diagnostic only.,pending_review,,,,,yes
omgr_mercor_language-locale_language-dash-locale_965,language_locale,mercor,Mercor,965,,list_AAABnoQC2bLQ9YaeK3JHzIPK,ad26f5e1d57fd4f89f086cf576d83183b4848221fe81f8b6eed3acc35fa88993,Voice Actor: CX Agent Voice Cloning (Spanish - Latin America),https://work.mercor.com/jobs/list_AAABnoQC2bLQ9YaeK3JHzIPK,Remote,Language and Audio,Language and Audio,,,,Spanish,Spanish Latin America,,language_dash_locale,high,title=Voice Actor: CX Agent Voice Cloning (Spanish - Latin America); location=Remote; pattern=language_dash_locale,Locale is title-derived; verify it is language locale rather than applicant country.,Confirm language locale or keep diagnostic only.,pending_review,,,,,yes
omgr_mercor_language-locale_language-dash-locale_964,language_locale,mercor,Mercor,964,,list_AAABnoQC-dC2MUckZJBC9oHw,b3a37fefb0abe50287de3ad7868ae54889d9c749c2fda945186d4597942564d6,Voice Actor: CX Agent Voice Cloning (Spanish - Mexico),https://work.mercor.com/jobs/list_AAABnoQC-dC2MUckZJBC9oHw,Remote,Language and Audio,Language and Audio,,,,Spanish,Spanish Mexico,,language_dash_locale,high,title=Voice Actor: CX Agent Voice Cloning (Spanish - Mexico); location=Remote; pattern=language_dash_locale,Locale is title-derived; verify it is language locale rather than applicant country.,Confirm language locale or keep diagnostic only.,pending_review,,,,,yes
omgr_mercor_language-locale_language-parenthetical-locale_7936,language_locale,mercor,Mercor,7936,,list_AAABnta9W11pnOe6FSxDoalq,23611179d10414a20eed513c60740b6878bad5875fe6efd6de0dc91709a71d82,English (Australia) Audio Generalist Evaluator Expert,https://work.mercor.com/jobs/list_AAABnta9W11pnOe6FSxDoalq,Remote,Language and Audio,Language and Audio,,,,English,English Australia,,language_parenthetical_locale,high,title=English (Australia) Audio Generalist Evaluator Expert; location=Remote; pattern=language_parenthetical_locale,Locale is title-derived; verify it is language locale rather than applicant country.,Confirm language locale or keep diagnostic only.,pending_review,,,,,yes
omgr_mercor_language-locale_language-parenthetical-locale_7937,language_locale,mercor,Mercor,7937,,list_AAABntaxoKcNqVEf461J9pn1,602d6bf47be538086e93fa7b8f67e3a60e7e09261a99fe5a1a6d47c1031f6e44,English (New Zealand) Audio Generalist Evaluator Expert,https://work.mercor.com/jobs/list_AAABntaxoKcNqVEf461J9pn1,Remote,Language and Audio,Language and Audio,,,,English,English New Zealand,,language_parenthetical_locale,high,title=English (New Zealand) Audio Generalist Evaluator Expert; location=Remote; pattern=language_parenthetical_locale,Locale is title-derived; verify it is language locale rather than applicant country.,Confirm language locale or keep diagnostic only.,pending_review,,,,,yes
omgr_mercor_language-locale_language-parenthetical-locale_941,language_locale,mercor,Mercor,941,,list_AAABnpPnj8HDVeWXIWZFYZoE,70ccdc396bc2a5989a831579dd1a254a4a6d92b3bb95dc8835d9f83009c6b369,English (US) Audio Generalist Evaluator Expert,https://work.mercor.com/jobs/list_AAABnpPnj8HDVeWXIWZFYZoE,Remote,Language and Audio,Language and Audio,,,,English,English United States,,language_parenthetical_locale,high,title=English (US) Audio Generalist Evaluator Expert; location=Remote; pattern=language_parenthetical_locale,Locale is title-derived; verify it is language locale rather than applicant country.,Confirm language locale or keep diagnostic only.,pending_review,,,,,yes
omgr_mercor_language-locale_language-parenthetical-locale_7906,language_locale,mercor,Mercor,7906,,list_AAABntQIot7U7jcxj6FLXInZ,c8eceda503a065876cecf37adb1f19de25c5dbc3aebf6d35e55fdba0fee65102,Spanish (Mexico) Audio Generalist Evaluator Expert,https://work.mercor.com/jobs/list_AAABntQIot7U7jcxj6FLXInZ,Remote,Language and Audio,Language and Audio,,,,Spanish,Spanish Mexico,,language_parenthetical_locale,high,title=Spanish (Mexico) Audio Generalist Evaluator Expert; location=Remote; pattern=language_parenthetical_locale,Locale is title-derived; verify it is language locale rather than applicant country.,Confirm language locale or keep diagnostic only.,pending_review,,,,,yes
omgr_mercor_language-locale_language-parenthetical-locale_7907,language_locale,mercor,Mercor,7907,,list_AAABntQCuEPmRunOSRxC1Z9v,327e8be2497e8e1b9aa7c824fdb10aa702d7080869ac347b3a238cae8d766823,Spanish (Spain) Audio Generalist Evaluator Expert,https://work.mercor.com/jobs/list_AAABntQCuEPmRunOSRxC1Z9v,Remote,Language and Audio,Language and Audio,,,,Spanish,Spanish Spain,,language_parenthetical_locale,high,title=Spanish (Spain) Audio Generalist Evaluator Expert; location=Remote; pattern=language_parenthetical_locale,Locale is title-derived; verify it is language locale rather than applicant country.,Confirm language locale or keep diagnostic only.,pending_review,,,,,yes
omgr_mercor_language-requirement_audio-language-role_7936,language_requirement,mercor,Mercor,7936,,list_AAABnta9W11pnOe6FSxDoalq,23611179d10414a20eed513c60740b6878bad5875fe6efd6de0dc91709a71d82,English (Australia) Audio Generalist Evaluator Expert,https://work.mercor.com/jobs/list_AAABnta9W11pnOe6FSxDoalq,Remote,Language and Audio,Language and Audio,,,,english,,,audio_language_role,high,title=English (Australia) Audio Generalist Evaluator Expert; location=Remote; pattern=audio_language_role; value=english,Title-derived language candidate; verify this is an applicant requirement before applying.,Confirm required language(s) or mark diagnostic only.,pending_review,,,,,yes
omgr_mercor_language-requirement_audio-language-role_7937,language_requirement,mercor,Mercor,7937,,list_AAABntaxoKcNqVEf461J9pn1,602d6bf47be538086e93fa7b8f67e3a60e7e09261a99fe5a1a6d47c1031f6e44,English (New Zealand) Audio Generalist Evaluator Expert,https://work.mercor.com/jobs/list_AAABntaxoKcNqVEf461J9pn1,Remote,Language and Audio,Language and Audio,,,,english,,,audio_language_role,high,title=English (New Zealand) Audio Generalist Evaluator Expert; location=Remote; pattern=audio_language_role; value=english,Title-derived language candidate; verify this is an applicant requirement before applying.,Confirm required language(s) or mark diagnostic only.,pending_review,,,,,yes
omgr_mercor_language-requirement_audio-language-role_941,language_requirement,mercor,Mercor,941,,list_AAABnpPnj8HDVeWXIWZFYZoE,70ccdc396bc2a5989a831579dd1a254a4a6d92b3bb95dc8835d9f83009c6b369,English (US) Audio Generalist Evaluator Expert,https://work.mercor.com/jobs/list_AAABnpPnj8HDVeWXIWZFYZoE,Remote,Language and Audio,Language and Audio,,,,english,,,audio_language_role,high,title=English (US) Audio Generalist Evaluator Expert; location=Remote; pattern=audio_language_role; value=english,Title-derived language candidate; verify this is an applicant requirement before applying.,Confirm required language(s) or mark diagnostic only.,pending_review,,,,,yes
omgr_mercor_language-requirement_audio-language-role_939,language_requirement,mercor,Mercor,939,,list_AAABnpPr7nbORrpA_ahLKJk6,f0578ad9163644f94651ce9ceea192e53e335398ff02b3932a167730fbb8b396,Japanese Audio Generalist Evaluator Expert,https://work.mercor.com/jobs/list_AAABnpPr7nbORrpA_ahLKJk6,Remote,Language and Audio,Language and Audio,,,,japanese,,,audio_language_role,high,title=Japanese Audio Generalist Evaluator Expert; location=Remote; pattern=audio_language_role; value=japanese,Title-derived language candidate; verify this is an applicant requirement before applying.,Confirm required language(s) or mark diagnostic only.,pending_review,,,,,yes
omgr_mercor_language-requirement_audio-language-role_7906,language_requirement,mercor,Mercor,7906,,list_AAABntQIot7U7jcxj6FLXInZ,c8eceda503a065876cecf37adb1f19de25c5dbc3aebf6d35e55fdba0fee65102,Spanish (Mexico) Audio Generalist Evaluator Expert,https://work.mercor.com/jobs/list_AAABntQIot7U7jcxj6FLXInZ,Remote,Language and Audio,Language and Audio,,,,spanish,,,audio_language_role,high,title=Spanish (Mexico) Audio Generalist Evaluator Expert; location=Remote; pattern=audio_language_role; value=spanish,Title-derived language candidate; verify this is an applicant requirement before applying.,Confirm required language(s) or mark diagnostic only.,pending_review,,,,,yes
omgr_mercor_language-requirement_audio-language-role_7907,language_requirement,mercor,Mercor,7907,,list_AAABntQCuEPmRunOSRxC1Z9v,327e8be2497e8e1b9aa7c824fdb10aa702d7080869ac347b3a238cae8d766823,Spanish (Spain) Audio Generalist Evaluator Expert,https://work.mercor.com/jobs/list_AAABntQCuEPmRunOSRxC1Z9v,Remote,Language and Audio,Language and Audio,,,,spanish,,,audio_language_role,high,title=Spanish (Spain) Audio Generalist Evaluator Expert; location=Remote; pattern=audio_language_role; value=spanish,Title-derived language candidate; verify this is an applicant requirement before applying.,Confirm required language(s) or mark diagnostic only.,pending_review,,,,,yes
omgr_mercor_location-restriction_uk-based_968,location_restriction,mercor,Mercor,968,,list_AAABnnh7tFSmvCaQxzJPhoNH,93b1541b513ae5a22f56974777edea406be0fce337643720c604d680a0d788e5,UK-Based Consulting Experts,https://work.mercor.com/jobs/list_AAABnnh7tFSmvCaQxzJPhoNH,Remote,Business Operations,Business Operations,,,,,,United Kingdom,uk_based,high,title=UK-Based Consulting Experts; location=Remote; pattern=uk_based,Location restriction is title-derived; verify applicant eligibility wording.,Confirm applicant location restriction or reject inference.,pending_review,,,,,yes
omgr_mercor_location-restriction_uk-based_967,location_restriction,mercor,Mercor,967,,list_AAABnni8FYZxYfTTuo1OaYVp,882056a4d6b593b1cfd1088d24ae2eef2281962a589e911e7383360f7b0c4520,UK-Based Legal Experts: US Finance,https://work.mercor.com/jobs/list_AAABnni8FYZxYfTTuo1OaYVp,Remote,Law,Law,,,,,,United Kingdom,uk_based,high,title=UK-Based Legal Experts: US Finance; location=Remote; pattern=uk_based,Location restriction is title-derived; verify applicant eligibility wording.,Confirm applicant location restriction or reject inference.,pending_review,,,,,yes
omgr_mercor_ambiguous-metadata_ampersand-language-list_986,ambiguous_metadata,mercor,Mercor,986,,list_AAABnh7mSXDbVv1EDKtP5IH3,3d6127889d679776b00aefece5e1764e426b04b31d49404b492a2d41a79de1fe,Generalist - English & Assamese,https://work.mercor.com/jobs/list_AAABnh7mSXDbVv1EDKtP5IH3,Remote,Language and Audio,Language and Audio,,,,,,,ampersand_language_list,ambiguous,title=Generalist - English & Assamese; location=Remote; pattern=ampersand_language_list,Ambiguous title pattern; do not apply without human interpretation.,"Choose keep_diagnostic_only, needs_more_research, or provide corrected metadata.",pending_review,,,,,no
omgr_welocalize_language-locale_language-parenthetical-locale_7522,language_locale,welocalize,Welocalize,7522,552,6e0ac589-3fba-429a-8ce4-5c48a2cf0e2d,8c871d9f7aadec219e827db4d992fae5287edcf1c644eb70cebbcebd1ac5bb8e,*Scout Junior Quality Coordinator - Portuguese (Brazil),https://jobs.lever.co/weloglobal/6e0ac589-3fba-429a-8ce4-5c48a2cf0e2d,Brazil,Data Validation,Data Validation,,,,Portuguese,Portuguese Brazil,,language_parenthetical_locale,high,title=*Scout Junior Quality Coordinator - Portuguese (Brazil); location=Brazil; pattern=language_parenthetical_locale,Locale is title-derived; verify it is language locale rather than applicant country.,Confirm language locale or keep diagnostic only.,pending_review,,,,,yes
omgr_welocalize_language-locale_language-parenthetical-locale_7523,language_locale,welocalize,Welocalize,7523,552,aaae7990-493d-4359-afc5-8e118e8f0d04,87d4754548d174d2b07ddf916cbe5eddeebffa59e36ea6d64846562834da21c4,*Scout Junior Quality Coordinator - Spanish (Mexico),https://jobs.lever.co/weloglobal/aaae7990-493d-4359-afc5-8e118e8f0d04,"Mexico City, Mexico",Data Validation,Data Validation,,,,Spanish,Spanish Mexico,,language_parenthetical_locale,high,"title=*Scout Junior Quality Coordinator - Spanish (Mexico); location=Mexico City, Mexico; pattern=language_parenthetical_locale",Locale is title-derived; verify it is language locale rather than applicant country.,Confirm language locale or keep diagnostic only.,pending_review,,,,,yes
omgr_welocalize_language-locale_language-parenthetical-locale_7550,language_locale,welocalize,Welocalize,7550,914,c43ab912-0d54-431a-abb4-e9b2c1ca9749,2411a48bb10992f3739dbeb9ba39acaa158d92caf943b3cf17c0774e36034060,Ads Quality Rater - Mandarin (Taiwan),https://jobs.lever.co/weloglobal/c43ab912-0d54-431a-abb4-e9b2c1ca9749,Taiwan,Data Validation,Data Validation,Mandarin,,,Chinese,Chinese Taiwan,,language_parenthetical_locale,high,title=Ads Quality Rater - Mandarin (Taiwan); location=Taiwan; pattern=language_parenthetical_locale,Locale is title-derived; verify it is language locale rather than applicant country.,Confirm language locale or keep diagnostic only.,pending_review,,,,,yes
omgr_welocalize_language-locale_language-parenthetical-locale_7554,language_locale,welocalize,Welocalize,7554,918,d9a91e49-8052-4ce6-836d-9ee264214b7d,f756403770b741cfea8df38ece4a59250789680b840fb8924d7c209b3c896be1,Ads Quality Rater - Spanish (Argentina),https://jobs.lever.co/weloglobal/d9a91e49-8052-4ce6-836d-9ee264214b7d,Argentina,Data Validation,Data Validation,Spanish,,,Spanish,Spanish Argentina,,language_parenthetical_locale,high,title=Ads Quality Rater - Spanish (Argentina); location=Argentina; pattern=language_parenthetical_locale,Locale is title-derived; verify it is language locale rather than applicant country.,Confirm language locale or keep diagnostic only.,pending_review,,,,,yes
omgr_welocalize_language-locale_language-parenthetical-locale_7555,language_locale,welocalize,Welocalize,7555,918,2c640bb3-55d0-40b7-9724-1169443d4431,a2a15adccade6a7e446ffa099e45b014b8d85c2ff5d2bfffc95d3c0637cd92a2,Ads Quality Rater - Spanish (Mexico),https://jobs.lever.co/weloglobal/2c640bb3-55d0-40b7-9724-1169443d4431,"Mexico City, Mexico",Data Validation,Data Validation,Spanish,,,Spanish,Spanish Mexico,,language_parenthetical_locale,high,"title=Ads Quality Rater - Spanish (Mexico); location=Mexico City, Mexico; pattern=language_parenthetical_locale",Locale is title-derived; verify it is language locale rather than applicant country.,Confirm language locale or keep diagnostic only.,pending_review,,,,,yes
omgr_welocalize_language-requirement_translation-or-translator_7665,language_requirement,welocalize,Welocalize,7665,690,abd22b8d-f748-47b7-b925-d9af5a71d865,b4ddbc589d9c747abad69cbae54f283de2d7c86d05bc0e240e8910679f6f605e,English (United States) <> French (France) Lyric Translation Reviewer,https://jobs.lever.co/weloglobal/abd22b8d-f748-47b7-b925-d9af5a71d865,France,Data Validation,Data Validation,,,,"english, french",,,translation_or_translator,medium,"title=English (United States) <> French (France) Lyric Translation Reviewer; location=France; pattern=translation_or_translator; value=english, french",Translation or multi-language title; verify whether all listed languages are required.,Confirm required language(s) or mark diagnostic only.,pending_review,,,,,yes
omgr_welocalize_language-requirement_translation-or-translator_7666,language_requirement,welocalize,Welocalize,7666,691,2a57f3d9-4ec8-4838-89a0-8fc6e421e9ca,9fa20f859569e0c5dc13095f40b83e61973a70b5cb58bc6112e98a58563f7fe9,English (United States) > German (Germany) Lyric Translation Reviewer,https://jobs.lever.co/weloglobal/2a57f3d9-4ec8-4838-89a0-8fc6e421e9ca,Germany,Data Validation,Data Validation,,,,"english, german",,,translation_or_translator,medium,"title=English (United States) > German (Germany) Lyric Translation Reviewer; location=Germany; pattern=translation_or_translator; value=english, german",Translation or multi-language title; verify whether all listed languages are required.,Confirm required language(s) or mark diagnostic only.,pending_review,,,,,yes
omgr_welocalize_language-requirement_translation-or-translator_7718,language_requirement,welocalize,Welocalize,7718,740,c321add1-b7cb-4390-ae91-6f338ec0e6ee,0bd131f316aff294306f20363ca2e25bcbcb792175681245d7c122d5247b3150,Korean (Korea) <> English (United States) Lyric Translation Reviewer,https://jobs.lever.co/weloglobal/c321add1-b7cb-4390-ae91-6f338ec0e6ee,South Korea,Data Validation,Data Validation,,,,"english, korean",,,translation_or_translator,medium,"title=Korean (Korea) <> English (United States) Lyric Translation Reviewer; location=South Korea; pattern=translation_or_translator; value=english, korean",Translation or multi-language title; verify whether all listed languages are required.,Confirm required language(s) or mark diagnostic only.,pending_review,,,,,yes
omgr_welocalize_language-requirement_translation-or-translator_7719,language_requirement,welocalize,Welocalize,7719,741,d1f093c7-88fe-44d3-9e2a-337766962cd0,1f3530f84a439bbe69cca24c37c38c07ffa4a31a068d06744fa0328415169728,Korean (Korea) > Japanese (Japan) Lyric Translation Reviewer,https://jobs.lever.co/weloglobal/d1f093c7-88fe-44d3-9e2a-337766962cd0,Japan,Data Validation,Data Validation,,,,"japanese, korean",,,translation_or_translator,medium,"title=Korean (Korea) > Japanese (Japan) Lyric Translation Reviewer; location=Japan; pattern=translation_or_translator; value=japanese, korean",Translation or multi-language title; verify whether all listed languages are required.,Confirm required language(s) or mark diagnostic only.,pending_review,,,,,yes
omgr_welocalize_ambiguous-metadata_country-only-title-text_7525,ambiguous_metadata,welocalize,Welocalize,7525,899,96a11fc3-d786-4e85-933c-1155cb9217a7,afb1c1a8de6ca0b62e2676e4031697a962a1c8e1fcbc04352f575eefa5190e23,Ads Quality Rater - Bengali (India),https://jobs.lever.co/weloglobal/96a11fc3-d786-4e85-933c-1155cb9217a7,India,Data Validation,Data Validation,Bengali,,,,,,country_only_title_text,ambiguous,title=Ads Quality Rater - Bengali (India); location=India; pattern=country_only_title_text,Ambiguous title pattern; do not apply without human interpretation.,"Choose keep_diagnostic_only, needs_more_research, or provide corrected metadata.",pending_review,,,,,no
omgr_welocalize_ambiguous-metadata_country-only-title-text_7528,ambiguous_metadata,welocalize,Welocalize,7528,902,ed2b0ed2-9c0b-4088-9bdb-e06029747338,841ce5be6c5131245becf1eeb18c051c2fc15444bf01cac5698d721b0aa20d6a,Ads Quality Rater - Catalan (Spain),https://jobs.lever.co/weloglobal/ed2b0ed2-9c0b-4088-9bdb-e06029747338,Spain,Data Validation,Data Validation,Catalan,,,,,,country_only_title_text,ambiguous,title=Ads Quality Rater - Catalan (Spain); location=Spain; pattern=country_only_title_text,Ambiguous title pattern; do not apply without human interpretation.,"Choose keep_diagnostic_only, needs_more_research, or provide corrected metadata.",pending_review,,,,,no
omgr_welocalize_ambiguous-metadata_country-only-title-text_7532,ambiguous_metadata,welocalize,Welocalize,7532,689,51ba0c2f-fbde-40bc-a673-e130bd84a24a,88b5e0335a614590e15bc7857d6ab9de3b3d7a55912a6d1e27e28e5748b4b483,Ads Quality Rater - Dutch (France),https://jobs.lever.co/weloglobal/51ba0c2f-fbde-40bc-a673-e130bd84a24a,France,Data Validation,Data Validation,Dutch,,,,,,country_only_title_text,ambiguous,title=Ads Quality Rater - Dutch (France); location=France; pattern=country_only_title_text,Ambiguous title pattern; do not apply without human interpretation.,"Choose keep_diagnostic_only, needs_more_research, or provide corrected metadata.",pending_review,,,,,no
omgr_welocalize_ambiguous-metadata_country-only-title-text_7543,ambiguous_metadata,welocalize,Welocalize,7543,911,b782302b-3ac6-4069-b295-1b0eb194329c,104533ff65be38d330b734d2679934687253c3865fa90f6148b087f68f9e9693,Ads Quality Rater - Italian (Brazil),https://jobs.lever.co/weloglobal/b782302b-3ac6-4069-b295-1b0eb194329c,Brazil,Data Validation,Data Validation,Italian,,,,,,country_only_title_text,ambiguous,title=Ads Quality Rater - Italian (Brazil); location=Brazil; pattern=country_only_title_text,Ambiguous title pattern; do not apply without human interpretation.,"Choose keep_diagnostic_only, needs_more_research, or provide corrected metadata.",pending_review,,,,,no
omgr_welocalize_ambiguous-metadata_country-only-title-text_7544,ambiguous_metadata,welocalize,Welocalize,7544,911,705e9c30-137e-4083-91f2-fbde6a2ff64c,44b7b511bcb4e23a6b9fb9eaa019b1968ebe09042c5bf682cfcc5a73a63ef43a,Ads Quality Rater - Italian (Germany),https://jobs.lever.co/weloglobal/705e9c30-137e-4083-91f2-fbde6a2ff64c,"Berlin, Germany",Data Validation,Data Validation,Italian,,,,,,country_only_title_text,ambiguous,"title=Ads Quality Rater - Italian (Germany); location=Berlin, Germany; pattern=country_only_title_text",Ambiguous title pattern; do not apply without human interpretation.,"Choose keep_diagnostic_only, needs_more_research, or provide corrected metadata.",pending_review,,,,,no
omgr_welocalize_ambiguous-metadata_country-only-title-text_7556,ambiguous_metadata,welocalize,Welocalize,7556,919,bd85bc2d-573c-46bf-a78e-4a3899f8ad16,eded0b7ad60b3bd5083865bc631fbede7ae8ad53dd841a86c8b6135a0ebecc30,Ads Quality Rater - Tamil (India),https://jobs.lever.co/weloglobal/bd85bc2d-573c-46bf-a78e-4a3899f8ad16,India,Data Validation,Data Validation,Tamil,,,,,,country_only_title_text,ambiguous,title=Ads Quality Rater - Tamil (India); location=India; pattern=country_only_title_text,Ambiguous title pattern; do not apply without human interpretation.,"Choose keep_diagnostic_only, needs_more_research, or provide corrected metadata.",pending_review,,,,,no
omgr_welocalize_ambiguous-metadata_unmapped-dialect-or-language-token_7797,ambiguous_metadata,welocalize,Welocalize,7797,795,4a1fa6fa-72bc-408f-90df-1153125048af,3261828bfafa63162f4a15d3ce8164e0d9c164097fbfe135bf533c670056562a,Shape the Future of AI - Basque Talent Hub,https://jobs.lever.co/weloglobal/4a1fa6fa-72bc-408f-90df-1153125048af,Spain,AI Service General Application,AI Service General Application,Basque,,,,,,unmapped_dialect_or_language_token,ambiguous,title=Shape the Future of AI - Basque Talent Hub; location=Spain; pattern=unmapped_dialect_or_language_token; value=basque,Ambiguous title pattern; do not apply without human interpretation.,"Choose keep_diagnostic_only, needs_more_research, or provide corrected metadata.",pending_review,,,,,no
omgr_rws_ambiguous-metadata_country-only-title-text_7491,ambiguous_metadata,rws,RWS TrainAI,7491,,4f1af0c5-5e41-4a30-a01d-bfce4091961e,7840647e9a047c3f364c0671001984185663756bda633e112c3f2d819291b24d,Linguistic AI Auditor (Bengali Bangladesh/India),https://jobs.lever.co/rws/4f1af0c5-5e41-4a30-a01d-bfce4091961e,Dhaka,Linguistic AI Auditing,Linguistic AI Auditing,,,,,,,country_only_title_text,ambiguous,title=Linguistic AI Auditor (Bengali Bangladesh/India); location=Dhaka; pattern=country_only_title_text,Ambiguous title pattern; do not apply without human interpretation.,"Choose keep_diagnostic_only, needs_more_research, or provide corrected metadata.",pending_review,,,,,no
omgr_rws_ambiguous-metadata_country-only-title-text_7505,ambiguous_metadata,rws,RWS TrainAI,7505,,43b76faa-cf15-4300-b85d-773265ee44a7,17f1b686e17e7e85b7fbce9a0051d1484c3bfd476a1c18a683a470ab9caf20bb,Speech AI Evaluation Specialist - Bengali (India),https://jobs.lever.co/rws/43b76faa-cf15-4300-b85d-773265ee44a7,New Delhi,Speech AI Evaluation,Speech AI Evaluation,,,,,,,country_only_title_text,ambiguous,title=Speech AI Evaluation Specialist - Bengali (India); location=New Delhi; pattern=country_only_title_text,Ambiguous title pattern; do not apply without human interpretation.,"Choose keep_diagnostic_only, needs_more_research, or provide corrected metadata.",pending_review,,,,,no
omgr_rws_ambiguous-metadata_country-only-title-text_7521,ambiguous_metadata,rws,RWS TrainAI,7521,,6488833f-86c3-480c-9dd1-1667f27a372c,84725d285954c88b1aeb96bd1d39c097bcf84ffff12db7c738e7b9d7733029cb,Speech AI Evaluation Specialist - Vietnamese (USA),https://jobs.lever.co/rws/6488833f-86c3-480c-9dd1-1667f27a372c,Remote,Speech AI Evaluation,Speech AI Evaluation,,,,,,,country_only_title_text,ambiguous,title=Speech AI Evaluation Specialist - Vietnamese (USA); location=Remote; pattern=country_only_title_text,Ambiguous title pattern; do not apply without human interpretation.,"Choose keep_diagnostic_only, needs_more_research, or provide corrected metadata.",pending_review,,,,,no
omgr_appen_language-locale_language-dash-locale_25,language_locale,appen,Appen,25,,f2c085ae-9426-4a7a-b2ea-a8254918e680,3c07bbdfd13444a85e0206fd3c32695076ef46e8e8062e804c237b22c89770d5,Social Media Evaluator (Spanish-Mexico),https://jobs.lever.co/appen/f2c085ae-9426-4a7a-b2ea-a8254918e680,Mexico,AI Trainers - Domain Experts,,,,,Spanish,Spanish Mexico,,language_dash_locale,high,title=Social Media Evaluator (Spanish-Mexico); location=Mexico; pattern=language_dash_locale,Locale is title-derived; verify it is language locale rather than applicant country.,Confirm language locale or keep diagnostic only.,pending_review,,,,,yes
omgr_appen_language-locale_language-dash-locale_30,language_locale,appen,Appen,30,,3e36c055-856a-49bd-a46e-d353f81064ba,960164d0dee3ed1f3ac176c6b84a15a6342d34ee0e93a52963706accd6012ae6,Video Collector - (English - France),https://jobs.lever.co/appen/3e36c055-856a-49bd-a46e-d353f81064ba,France,AI Trainers - Domain Experts,,,,,English,English France,,language_dash_locale,high,title=Video Collector - (English - France); location=France; pattern=language_dash_locale,Locale is title-derived; verify it is language locale rather than applicant country.,Confirm language locale or keep diagnostic only.,pending_review,,,,,yes
omgr_appen_language-locale_language-dash-locale_32,language_locale,appen,Appen,32,,aea92640-d286-41f7-982b-a1544a0947c5,946487944265aaa165d70aa55a97acb0a405080d84546b9668e94a21036edd09,Video Collector - (English - Mexico),https://jobs.lever.co/appen/aea92640-d286-41f7-982b-a1544a0947c5,Mexico,AI Trainers - Domain Experts,,,,,English,English Mexico,,language_dash_locale,high,title=Video Collector - (English - Mexico); location=Mexico; pattern=language_dash_locale,Locale is title-derived; verify it is language locale rather than applicant country.,Confirm language locale or keep diagnostic only.,pending_review,,,,,yes
omgr_appen_language-locale_language-dash-locale_33,language_locale,appen,Appen,33,,3e018f04-d0ca-41e3-8dbe-404ced7d64ef,dd9590603ee833d917cdee9d14cb6a6437bf6615eb6f572ce2ea25867b825c2f,Video Collector - (English - Spain),https://jobs.lever.co/appen/3e018f04-d0ca-41e3-8dbe-404ced7d64ef,Spain,AI Trainers - Domain Experts,,,,,English,English Spain,,language_dash_locale,high,title=Video Collector - (English - Spain); location=Spain; pattern=language_dash_locale,Locale is title-derived; verify it is language locale rather than applicant country.,Confirm language locale or keep diagnostic only.,pending_review,,,,,yes
omgr_appen_language-requirement_translation-or-translator_8,language_requirement,appen,Appen,8,,dc1ac915-13e6-4258-9fe5-203553c345c4,822d1edab3675e772bb2fc06d601e4f773e9d6b6b84111cbd6375d16fb1e69a6,AI Translation Evaluator; Russian-English,https://jobs.lever.co/appen/dc1ac915-13e6-4258-9fe5-203553c345c4,Any,AI Trainers - Domain Experts,,,,,"english, russian",,,translation_or_translator,medium,"title=AI Translation Evaluator; Russian-English; location=Any; pattern=translation_or_translator; value=english, russian",Translation or multi-language title; verify whether all listed languages are required.,Confirm required language(s) or mark diagnostic only.,pending_review,,,,,yes
omgr_appen_language-requirement_translation-or-translator_19,language_requirement,appen,Appen,19,,98bbe8f8-ab5c-48db-bcd6-93a8f747646b,86a642e006be0078d98ac42c16f0cfe1c9f5ea59c1e2b3915f3fc1e60a260219,Remote Japanese to Thai Translation Project,https://jobs.lever.co/appen/98bbe8f8-ab5c-48db-bcd6-93a8f747646b,Japan,AI Trainers - Domain Experts,,,,,japanese,,,translation_or_translator,medium,title=Remote Japanese to Thai Translation Project; location=Japan; pattern=translation_or_translator; value=japanese,Translation or multi-language title; verify whether all listed languages are required.,Confirm required language(s) or mark diagnostic only.,pending_review,,,,,yes
omgr_appen_language-requirement_translation-or-translator_28,language_requirement,appen,Appen,28,,9cafde4f-6d7f-4105-955c-f0ac29312034,f4efa80b8db54951d07fff43a9bc546eefea8ea37a6c050c8a49aff0921d69b3,Translation Evaluator – Korean/English,https://jobs.lever.co/appen/9cafde4f-6d7f-4105-955c-f0ac29312034,Any,AI Trainers - Domain Experts,,,,,"english, korean",,,translation_or_translator,medium,"title=Translation Evaluator – Korean/English; location=Any; pattern=translation_or_translator; value=english, korean",Translation or multi-language title; verify whether all listed languages are required.,Confirm required language(s) or mark diagnostic only.,pending_review,,,,,yes
omgr_appen_language-requirement_translation-or-translator_29,language_requirement,appen,Appen,29,,61d70293-c3d0-4975-afe6-abe97a7aa69e,29bc4f81c983eab1cf0f8bccca435b56ef1371de0423a4fa7c25827c1bf3fba2,Translation Evaluator – Russian/English (Remote),https://jobs.lever.co/appen/61d70293-c3d0-4975-afe6-abe97a7aa69e,Any,AI Trainers - Domain Experts,,,,,"english, russian",,,translation_or_translator,medium,"title=Translation Evaluator – Russian/English (Remote); location=Any; pattern=translation_or_translator; value=english, russian",Translation or multi-language title; verify whether all listed languages are required.,Confirm required language(s) or mark diagnostic only.,pending_review,,,,,yes
omgr_appen_ambiguous-metadata_country-only-title-text_34,ambiguous_metadata,appen,Appen,34,,d9d1cb4f-e017-488a-8791-205363a31329,d0fae16380948ad9cf48d47fdadb8b6d9c640286e766faa594380abc7939d7fa,Video Collector - Canada Based,https://jobs.lever.co/appen/d9d1cb4f-e017-488a-8791-205363a31329,Canada,AI Trainers - Domain Experts,,,,,,,,country_only_title_text,ambiguous,title=Video Collector - Canada Based; location=Canada; pattern=country_only_title_text,Ambiguous title pattern; do not apply without human interpretation.,"Choose keep_diagnostic_only, needs_more_research, or provide corrected metadata.",pending_review,,,,,no
omgr_outlier_ambiguous-metadata_country-only-title-text_1120,ambiguous_metadata,outlier,Outlier,1120,,4423486005,188acf06a76bab464e84edc8a7ac8719af65b4a92877e45fd353afc89b3cb079,Marathi (India) Freelance Writer,https://app.outlier.ai/en/expert/opportunities/4423486005,Remote - India,language,Language - Marathi,,,,,,,country_only_title_text,ambiguous,title=Marathi (India) Freelance Writer; location=Remote - India; pattern=country_only_title_text,Ambiguous title pattern; do not apply without human interpretation.,"Choose keep_diagnostic_only, needs_more_research, or provide corrected metadata.",pending_review,,,,,no
omgr_outlier_ambiguous-metadata_country-only-title-text_1132,ambiguous_metadata,outlier,Outlier,1132,,4423311005,e1a063dcfa9b40e5fe424fa3c11e13e88aded3070e5e68ca577d5db6f259abf1,Tamil (India) Freelance Writer,https://app.outlier.ai/en/expert/opportunities/4423311005,Remote - India,language,Language - Tamil,,,,,,,country_only_title_text,ambiguous,title=Tamil (India) Freelance Writer; location=Remote - India; pattern=country_only_title_text,Ambiguous title pattern; do not apply without human interpretation.,"Choose keep_diagnostic_only, needs_more_research, or provide corrected metadata.",pending_review,,,,,no
omgr_outlier_ambiguous-metadata_country-only-title-text_1133,ambiguous_metadata,outlier,Outlier,1133,,4423454005,285f4aa3930003c5e8cdf61b893befaa9a8c171b85e4cae8c2da6324bdbd369d,Telugu (India) Freelance Writer,https://app.outlier.ai/en/expert/opportunities/4423454005,Remote - India,language,Language - Telugu,,,,,,,country_only_title_text,ambiguous,title=Telugu (India) Freelance Writer; location=Remote - India; pattern=country_only_title_text,Ambiguous title pattern; do not apply without human interpretation.,"Choose keep_diagnostic_only, needs_more_research, or provide corrected metadata.",pending_review,,,,,no
omgr_outlier_ambiguous-metadata_country-only-title-text_1135,ambiguous_metadata,outlier,Outlier,1135,,4423487005,dfd7851e8b8d457cef7f53182445fd2701e3431bd0e5bce435731e9f370d3cd5,Urdu (India) Freelance Writer,https://app.outlier.ai/en/expert/opportunities/4423487005,Remote - India,language,Language - Urdu,,,,,,,country_only_title_text,ambiguous,title=Urdu (India) Freelance Writer; location=Remote - India; pattern=country_only_title_text,Ambiguous title pattern; do not apply without human interpretation.,"Choose keep_diagnostic_only, needs_more_research, or provide corrected metadata.",pending_review,,,,,no
omgr_meridial_language-locale_language-dash-locale_279,language_locale,meridial,Meridial,279,1110,4651799101,df7bbda607c1f9815e903a7563e4f8ae00a896690e2fdd928cf1b90794ed8fc7,LaTex Specialist (Fluent in Spanish- Latin America) - Freelance AI Trainer Project,https://job-boards.eu.greenhouse.io/agency/jobs/4651799101,Mexico,The Agency: Worldwide Sharing > Engineering & Technology,Engineering & Technology,Spanish- Latin America,,,Spanish,Spanish Latin America,,language_dash_locale,high,title=LaTex Specialist (Fluent in Spanish- Latin America) - Freelance AI Trainer Project; location=Mexico; pattern=language_dash_locale,Locale is title-derived; verify it is language locale rather than applicant country.,Confirm language locale or keep diagnostic only.,pending_review,,,,,yes
omgr_meridial_language-locale_language-dash-locale_280,language_locale,meridial,Meridial,280,1110,4651800101,419c3f3019ad5beecd55576230463f864ebaa7848bdaf24473b31519fe5ae946,LaTex Specialist (Fluent in Spanish- Latin America) - Freelance AI Trainer Project,https://job-boards.eu.greenhouse.io/agency/jobs/4651800101,Colombia,The Agency: Worldwide Sharing > Engineering & Technology,Engineering & Technology,Spanish- Latin America,,,Spanish,Spanish Latin America,,language_dash_locale,high,title=LaTex Specialist (Fluent in Spanish- Latin America) - Freelance AI Trainer Project; location=Colombia; pattern=language_dash_locale,Locale is title-derived; verify it is language locale rather than applicant country.,Confirm language locale or keep diagnostic only.,pending_review,,,,,yes
omgr_meridial_language-requirement_audio-language-role_650,language_requirement,meridial,Meridial,650,1388,4787630101,445003599f747c99e6f1c82d38d9468716272c5d24b73cd4bd0f49e5449e17be,Hindi Audio Specialist - Freelance AI Trainer Project,https://job-boards.eu.greenhouse.io/agency/jobs/4787630101,World Wide - Remote,The Agency: Worldwide Sharing > Language & Linguistics,Language & Linguistics,,,,hindi,,,audio_language_role,high,title=Hindi Audio Specialist - Freelance AI Trainer Project; location=World Wide - Remote; pattern=audio_language_role; value=hindi,Title-derived language candidate; verify this is an applicant requirement before applying.,Confirm required language(s) or mark diagnostic only.,pending_review,,,,,yes
omgr_meridial_language-requirement_audio-language-role_651,language_requirement,meridial,Meridial,651,1389,4787631101,7d621660e13e4874c7184a646800432ddbb4de73d4277553adb8656a52ce54c8,Spanish Audio Specialist - Freelance AI Trainer Project,https://job-boards.eu.greenhouse.io/agency/jobs/4787631101,World Wide - Remote,The Agency: Worldwide Sharing > Language & Linguistics,Language & Linguistics,,,,spanish,,,audio_language_role,high,title=Spanish Audio Specialist - Freelance AI Trainer Project; location=World Wide - Remote; pattern=audio_language_role; value=spanish,Title-derived language candidate; verify this is an applicant requirement before applying.,Confirm required language(s) or mark diagnostic only.,pending_review,,,,,yes
omgr_meridial_language-requirement_language-specialist-or-expert_534,language_requirement,meridial,Meridial,534,1323,4660215101,70b4371bf49239923200513b0aeb0040970451560576dfde0c61fd4bcfce041a,Mandarin Chinese Language Specialist - Freelance AI Trainer Project,https://job-boards.eu.greenhouse.io/agency/jobs/4660215101,Singapore,The Agency: Worldwide Sharing > Language & Linguistics,Language & Linguistics,,,,chinese,,,language_specialist_or_expert,high,title=Mandarin Chinese Language Specialist - Freelance AI Trainer Project; location=Singapore; pattern=language_specialist_or_expert; value=chinese,Title-derived language candidate; verify this is an applicant requirement before applying.,Confirm required language(s) or mark diagnostic only.,pending_review,,,,,yes
omgr_meridial_language-requirement_translation-or-translator_434,language_requirement,meridial,Meridial,434,1227,4651789101,b1b88d45f3f831ad369c8bbd90e15e6b142396400210d61747fef9efff734651,Chinese Translator - Freelance AI Trainer Project,https://job-boards.eu.greenhouse.io/agency/jobs/4651789101,Singapore,The Agency: Worldwide Sharing > Language & Linguistics,Language & Linguistics,,,,chinese,,,translation_or_translator,medium,title=Chinese Translator - Freelance AI Trainer Project; location=Singapore; pattern=translation_or_translator; value=chinese,Translation or multi-language title; verify whether all listed languages are required.,Confirm required language(s) or mark diagnostic only.,pending_review,,,,,yes
omgr_meridial_language-requirement_translation-or-translator_433,language_requirement,meridial,Meridial,433,1226,4651788101,e2026d3ea57bda60298f11e12c83a8691542b4b13eef0a0887bed03d0760502b,German Translator - Freelance AI Trainer Project,https://job-boards.eu.greenhouse.io/agency/jobs/4651788101,World Wide - Remote,The Agency: Worldwide Sharing > Language & Linguistics,Language & Linguistics,,,,german,,,translation_or_translator,medium,title=German Translator - Freelance AI Trainer Project; location=World Wide - Remote; pattern=translation_or_translator; value=german,Translation or multi-language title; verify whether all listed languages are required.,Confirm required language(s) or mark diagnostic only.,pending_review,,,,,yes
omgr_meridial_ambiguous-metadata_country-only-title-text_570,ambiguous_metadata,meridial,Meridial,570,1358,4685537101,3cb26f64fbfa4551b4b1fbf16af4c9225469d451b090853fc9a986fa6ab877d7,Bengali Language Specialist (India) - Freelance AI Trainer Project,https://job-boards.eu.greenhouse.io/agency/jobs/4685537101,India,The Agency: Worldwide Sharing > Language & Linguistics,Language & Linguistics,Bengali,,,,,,country_only_title_text,ambiguous,title=Bengali Language Specialist (India) - Freelance AI Trainer Project; location=India; pattern=country_only_title_text,Ambiguous title pattern; do not apply without human interpretation.,"Choose keep_diagnostic_only, needs_more_research, or provide corrected metadata.",pending_review,,,,,no
omgr_meridial_ambiguous-metadata_country-only-title-text_359,ambiguous_metadata,meridial,Meridial,359,1159,4796060101,32f697047bf3ab96dde83187cafb98e0b87bae9a93114fd6a346911d07564ed8,Financial Compliance Specialist (India) – Freelance AI Trainer Project,https://job-boards.eu.greenhouse.io/agency/jobs/4796060101,India,The Agency: Worldwide Sharing > Finance & Mathematics,Finance & Mathematics,,,,,,,country_only_title_text,ambiguous,title=Financial Compliance Specialist (India) – Freelance AI Trainer Project; location=India; pattern=country_only_title_text,Ambiguous title pattern; do not apply without human interpretation.,"Choose keep_diagnostic_only, needs_more_research, or provide corrected metadata.",pending_review,,,,,no
omgr_meridial_ambiguous-metadata_trilingual-or-multilingual_565,ambiguous_metadata,meridial,Meridial,565,1354,4678403101,4349dc7da1ac0ac2d661f4f63b937f3c269f541019d2106342f420cb0f85f804,Afrikaans Trilingual Language Specialist - Freelance AI Trainer Project,https://job-boards.eu.greenhouse.io/agency/jobs/4678403101,World Wide - Remote,The Agency: Worldwide Sharing > Language & Linguistics,Language & Linguistics,,,,,,,trilingual_or_multilingual,ambiguous,title=Afrikaans Trilingual Language Specialist - Freelance AI Trainer Project; location=World Wide - Remote; pattern=trilingual_or_multilingual,Ambiguous title pattern; do not apply without human interpretation.,"Choose keep_diagnostic_only, needs_more_research, or provide corrected metadata.",pending_review,,,,,no
omgr_meridial_ambiguous-metadata_trilingual-or-multilingual_566,ambiguous_metadata,meridial,Meridial,566,1355,4678404101,c45648ba7113431814aafef2d4ea72c2819034d750a5b165ec821fd2d443e202,Basque Trilingual Language Specialist - Freelance AI Trainer Project,https://job-boards.eu.greenhouse.io/agency/jobs/4678404101,World Wide - Remote,The Agency: Worldwide Sharing > Language & Linguistics,Language & Linguistics,,,,,,,trilingual_or_multilingual,ambiguous,title=Basque Trilingual Language Specialist - Freelance AI Trainer Project; location=World Wide - Remote; pattern=trilingual_or_multilingual,Ambiguous title pattern; do not apply without human interpretation.,"Choose keep_diagnostic_only, needs_more_research, or provide corrected metadata.",pending_review,,,,,no
omgr_meridial_ambiguous-metadata_trilingual-or-multilingual_561,ambiguous_metadata,meridial,Meridial,561,1350,4678393101,35a1a144db2ee877f600c1395789c882696e89c8720a2d55abc55a6fcaf4c274,Bulgarian Trilingual Language Specialist - Freelance AI Trainer Project,https://job-boards.eu.greenhouse.io/agency/jobs/4678393101,World Wide - Remote,The Agency: Worldwide Sharing > Language & Linguistics,Language & Linguistics,,,,,,,trilingual_or_multilingual,ambiguous,title=Bulgarian Trilingual Language Specialist - Freelance AI Trainer Project; location=World Wide - Remote; pattern=trilingual_or_multilingual,Ambiguous title pattern; do not apply without human interpretation.,"Choose keep_diagnostic_only, needs_more_research, or provide corrected metadata.",pending_review,,,,,no
omgr_meridial_ambiguous-metadata_trilingual-or-multilingual_560,ambiguous_metadata,meridial,Meridial,560,1349,4678340101,246318168ead1e13cc141a8852251870d40a5b966d4942e393b8ccd85d65a5e3,Galician Trilingual Language Specialist - Freelance AI Trainer Project,https://job-boards.eu.greenhouse.io/agency/jobs/4678340101,World Wide - Remote,The Agency: Worldwide Sharing > Language & Linguistics,Language & Linguistics,,,,,,,trilingual_or_multilingual,ambiguous,title=Galician Trilingual Language Specialist - Freelance AI Trainer Project; location=World Wide - Remote; pattern=trilingual_or_multilingual,Ambiguous title pattern; do not apply without human interpretation.,"Choose keep_diagnostic_only, needs_more_research, or provide corrected metadata.",pending_review,,,,,no
omgr_meridial_ambiguous-metadata_trilingual-or-multilingual_567,ambiguous_metadata,meridial,Meridial,567,1356,4678405101,3c9addc67e03d0e651d780bd2e97002f536ed72359414fa4e4f0c73a01902c38,Hungarian Trilingual Language Specialist - Freelance AI Trainer Project,https://job-boards.eu.greenhouse.io/agency/jobs/4678405101,World Wide - Remote,The Agency: Worldwide Sharing > Language & Linguistics,Language & Linguistics,,,,,,,trilingual_or_multilingual,ambiguous,title=Hungarian Trilingual Language Specialist - Freelance AI Trainer Project; location=World Wide - Remote; pattern=trilingual_or_multilingual,Ambiguous title pattern; do not apply without human interpretation.,"Choose keep_diagnostic_only, needs_more_research, or provide corrected metadata.",pending_review,,,,,no
omgr_meridial_ambiguous-metadata_trilingual-or-multilingual_564,ambiguous_metadata,meridial,Meridial,564,1353,4678401101,658b46daa87ed8a9521c7801046242188eb49e4723d5fcc6aa092bac773ad1f2,Malay Trilingual Language Specialist - Freelance AI Trainer Project,https://job-boards.eu.greenhouse.io/agency/jobs/4678401101,World Wide - Remote,The Agency: Worldwide Sharing > Language & Linguistics,Language & Linguistics,,,,,,,trilingual_or_multilingual,ambiguous,title=Malay Trilingual Language Specialist - Freelance AI Trainer Project; location=World Wide - Remote; pattern=trilingual_or_multilingual,Ambiguous title pattern; do not apply without human interpretation.,"Choose keep_diagnostic_only, needs_more_research, or provide corrected metadata.",pending_review,,,,,no
omgr_meridial_ambiguous-metadata_unmapped-dialect-or-language-token_396,ambiguous_metadata,meridial,Meridial,396,1196,4605284101,7d4bac9635c4092156c28c02b24ea67cb93607a32e95fc2eb6edf758a010a4f2,American Sign Language (ASL) - Freelance AI Trainer Project,https://job-boards.eu.greenhouse.io/agency/jobs/4605284101,World Wide - Remote,The Agency: Worldwide Sharing > Language & Linguistics,Language & Linguistics,,,,,,,unmapped_dialect_or_language_token,ambiguous,title=American Sign Language (ASL) - Freelance AI Trainer Project; location=World Wide - Remote; pattern=unmapped_dialect_or_language_token; value=american sign language,Ambiguous title pattern; do not apply without human interpretation.,"Choose keep_diagnostic_only, needs_more_research, or provide corrected metadata.",pending_review,,,,,no
omgr_meridial_ambiguous-metadata_unmapped-dialect-or-language-token_507,ambiguous_metadata,meridial,Meridial,507,1297,4660178101,19e913b773be44cc691664ec3f683b4e3e65eec0969f3658b584e2d39e66dd2e,Asturian Language Specialist - Freelance AI Trainer Project,https://job-boards.eu.greenhouse.io/agency/jobs/4660178101,World Wide - Remote,The Agency: Worldwide Sharing > Language & Linguistics,Language & Linguistics,Asturian,,,,,,unmapped_dialect_or_language_token,ambiguous,title=Asturian Language Specialist - Freelance AI Trainer Project; location=World Wide - Remote; pattern=unmapped_dialect_or_language_token; value=asturian,Ambiguous title pattern; do not apply without human interpretation.,"Choose keep_diagnostic_only, needs_more_research, or provide corrected metadata.",pending_review,,,,,no
omgr_meridial_ambiguous-metadata_unmapped-dialect-or-language-token_582,ambiguous_metadata,meridial,Meridial,582,1297,4699711101,6d19c723b9c5e328e3782641217ed052d5f37cbafd515f8a3e0c295688c99681,Asturian Language Specialist - Freelance AI Trainer Project,https://job-boards.eu.greenhouse.io/agency/jobs/4699711101,Spain,The Agency: Worldwide Sharing > Language & Linguistics,Language & Linguistics,Asturian,,,,,,unmapped_dialect_or_language_token,ambiguous,title=Asturian Language Specialist - Freelance AI Trainer Project; location=Spain; pattern=unmapped_dialect_or_language_token; value=asturian,Ambiguous title pattern; do not apply without human interpretation.,"Choose keep_diagnostic_only, needs_more_research, or provide corrected metadata.",pending_review,,,,,no
